,County,FIPS(county code)-kg/ha,RF(rain fed)-kg/ha,IR(irrigated),Year
0,Clay,1027,5221,13453,2010
1,Marengo,1091,6499.5,12580.5,2010
2,DeKalb,1049,8095,14087,2010
3,Cherokee,1019,6019,14039,2010
4,Hale,1065,7493.5,12759.5,2010
5,Perry,1105,6464,13174,2010
6,Colbert,1033,8218,13568.5,2010
7,Greene,1063,5547,12720,2010
8,Butler,1013,7663,13233,2010
9,Lee,1081,5234,13559,2010
10,Mobile,1097,7582,7056,2010
11,Fayette,1057,9981,13370,2010
12,Chambers,1017,5060,13639,2010
13,Tuscaloosa,1125,10771.5,13275,2010
14,Wilcox,1131,4399,12695.5,2010
15,Marshall,1095,6313,13694.5,2010
16,Escambia,1053,9203,12387.5,2010
17,Limestone,1083,8417,13774,2010
18,Blount,1009,4307,13557,2010
19,Monroe,1099,6040.5,12755.5,2010
20,Marion,1093,12049,13411,2010
21,Lowndes,1085,4901,12909.5,2010
22,Coosa,1037,4330.5,13419,2010
23,Pike,1109,7799.5,12996,2010
24,Sumter,1119,6527,12637,2010
25,Winston,1133,8375,13756,2010
26,Talladega,1121,3682,13399,2010
27,Jackson,1071,2597,13111,2010
28,Baldwin,1003,6781,11551,2010
29,Bullock,1011,5754,13305,2010
30,Autauga,1001,5827,13023,2010
31,Macon,1087,4680,13326,2010
32,St. Clair,1115,5748,13461.5,2010
33,Choctaw,1023,6683,12425,2010
34,Cullman,1043,4307,13416,2010
35,Shelby,1117,6920,13350,2010
36,Dallas,1047,5409,12713,2010
37,Pickens,1107,9347,13253,2010
38,Lauderdale,1077,9373,13530,2010
39,Cleburne,1029,7296,13867,2010
40,Barbour,1005,6648,13146.5,2010
41,Geneva,1061,6101.5,12042,2010
42,Dale,1045,7705,12793,2010
43,Tallapoosa,1123,4838,13567,2010
44,Clarke,1025,6237,12398,2010
45,Houston,1069,5842,11673,2010
46,Washington,1129,10828,12295,2010
47,Madison,1089,7425,13652,2010
48,Crenshaw,1041,5747.5,13122,2010
49,Calhoun,1015,4365,13658,2010
50,Lawrence,1079,9026,13650,2010
51,Morgan,1103,5895,13619,2010
52,Lamar,1075,10905,13476,2010
53,Russell,1113,5405,13165,2010
54,Franklin,1059,4898.5,13112.5,2010
55,Conecuh,1035,5640.5,12496,2010
56,Elmore,1051,6384,13302.5,2010
57,Jefferson,1073,2650,13404.5,2010
58,Walker,1127,2905,13435,2010
59,Randolph,1111,5625,13409,2010
60,Montgomery,1101,5154.5,12927,2010
61,Bibb,1007,6941,13198,2010
62,Etowah,1055,6409,13716,2010
63,Chilton,1021,5756,13211,2010
64,Coffee,1031,6557.5,12543,2010
65,Covington,1039,7093.5,11664.5,2010
66,Henry,1067,7574,12981,2010
67,Clay,1027,5526,12510,2011
68,Marengo,1091,2078.5,13384.5,2011
69,DeKalb,1049,11127,13376,2011
70,Cherokee,1019,8515,12976,2011
71,Hale,1065,2516,13034,2011
72,Perry,1105,2485,13238,2011
73,Colbert,1033,6826,13008,2011
74,Greene,1063,1990,13114,2011
75,Butler,1013,1998,13453,2011
76,Lee,1081,3963,13260,2011
77,Mobile,1097,1833,12260,2011
78,Fayette,1057,7614,13087,2011
79,Chambers,1017,3665,13021,2011
80,Tuscaloosa,1125,3607,12972,2011
81,Wilcox,1131,1566,13279,2011
82,Marshall,1095,8459,13175,2011
83,Escambia,1053,2129,13026.5,2011
84,Limestone,1083,8870,13185,2011
85,Blount,1009,5318,13149,2011
86,Monroe,1099,1271.5,13014,2011
87,Marion,1093,9601,12988,2011
88,Lowndes,1085,1479,13361.5,2011
89,Coosa,1037,4153,12811,2011
90,Pike,1109,1450.5,13246.5,2011
91,Sumter,1119,2202.5,13360,2011
92,Winston,1133,8023.5,13076,2011
93,Talladega,1121,3957,12664,2011
94,Jackson,1071,4428,12590,2011
95,Baldwin,1003,1346,12747,2011
96,Bullock,1011,1908,13487,2011
97,Autauga,1001,3450,13250,2011
98,Macon,1087,1457,13428,2011
99,St. Clair,1115,5121,12774,2011
100,Choctaw,1023,2950,13416,2011
101,Cullman,1043,5091.5,13183.5,2011
102,Shelby,1117,3494.5,12874,2011
103,Dallas,1047,1935,13445,2011
104,Pickens,1107,4775,13071,2011
105,Lauderdale,1077,9370,13102,2011
106,Cleburne,1029,6643,12769,2011
107,Barbour,1005,1424.5,13289.5,2011
108,Geneva,1061,1177,13009.5,2011
109,Dale,1045,1571,12995,2011
110,Tallapoosa,1123,3329,12872,2011
111,Clarke,1025,1652,13149,2011
112,Houston,1069,1235,12924,2011
113,Washington,1129,2070,13128,2011
114,Madison,1089,9533,12964,2011
115,Crenshaw,1041,1801.5,13240,2011
116,Calhoun,1015,6118,12734,2011
117,Lawrence,1079,8849,12893,2011
118,Morgan,1103,8284,13259,2011
119,Lamar,1075,8155,13080,2011
120,Russell,1113,1513,13311,2011
121,Franklin,1059,3471,12049,2011
122,Conecuh,1035,1220,12698,2011
123,Elmore,1051,2306.5,13333,2011
124,Jefferson,1073,2568,12818,2011
125,Walker,1127,4701,12902,2011
126,Randolph,1111,5972,12383,2011
127,Montgomery,1101,1579.5,13624.5,2011
128,Bibb,1007,3960,12923,2011
129,Etowah,1055,8440,13030,2011
130,Chilton,1021,4072.5,12901,2011
131,Coffee,1031,1751,12970,2011
132,Covington,1039,1455.5,12308.5,2011
133,Henry,1067,785,13113,2011
134,Clay,1027,4063,13444,2012
135,Marengo,1091,5589.5,13864,2012
136,DeKalb,1049,6052,13403,2012
137,Cherokee,1019,3006,13020,2012
138,Hale,1065,4331,12861.5,2012
139,Perry,1105,3732,12891,2012
140,Colbert,1033,2373.5,12818.5,2012
141,Greene,1063,4089,13192,2012
142,Butler,1013,9966,13694,2012
143,Lee,1081,5216,11920,2012
144,Mobile,1097,3793,7081,2012
145,Fayette,1057,7351,13450,2012
146,Chambers,1017,4643,12251,2012
147,Tuscaloosa,1125,4651.5,12124.5,2012
148,Wilcox,1131,5019.5,13507,2012
149,Marshall,1095,5391.5,12951.5,2012
150,Escambia,1053,8340,13863.5,2012
151,Limestone,1083,2878,12668,2012
152,Blount,1009,4948,12849,2012
153,Monroe,1099,7807,13875.5,2012
154,Marion,1093,9739,13347,2012
155,Lowndes,1085,4678.5,13843.5,2012
156,Coosa,1037,5104.5,11875.5,2012
157,Pike,1109,4637,13909.5,2012
158,Sumter,1119,3816.5,13308,2012
159,Winston,1133,4553,12688,2012
160,Talladega,1121,3401,12034,2012
161,Jackson,1071,1043,12175,2012
162,Baldwin,1003,5098,13314,2012
163,Bullock,1011,5133,12661,2012
164,Autauga,1001,5030,13920,2012
165,Macon,1087,4480,12179,2012
166,St. Clair,1115,6240.5,13184,2012
167,Choctaw,1023,4849,13969,2012
168,Cullman,1043,916.5,12760,2012
169,Shelby,1117,3671.5,11877,2012
170,Dallas,1047,4995,13698,2012
171,Pickens,1107,8096,12480,2012
172,Lauderdale,1077,2544,12352,2012
173,Cleburne,1029,4562,13674,2012
174,Barbour,1005,5433,13970.5,2012
175,Geneva,1061,3594.5,13441,2012
176,Dale,1045,6321,13542,2012
177,Tallapoosa,1123,4845,12013,2012
178,Clarke,1025,5584,13924,2012
179,Houston,1069,4971,13478,2012
180,Washington,1129,11555,13930,2012
181,Madison,1089,3728,12521,2012
182,Crenshaw,1041,4616,13725.5,2012
183,Calhoun,1015,4859,13267,2012
184,Lawrence,1079,2146,12480,2012
185,Morgan,1103,2037,12665,2012
186,Lamar,1075,8926.5,13598,2012
187,Russell,1113,4730,12569,2012
188,Franklin,1059,1002,12275.5,2012
189,Conecuh,1035,3726,13521.5,2012
190,Elmore,1051,5213.5,12367.5,2012
191,Jefferson,1073,1264,11888,2012
192,Walker,1127,754,13185,2012
193,Randolph,1111,4198,13941,2012
194,Montgomery,1101,5465,14106,2012
195,Bibb,1007,3493,11830,2012
196,Etowah,1055,5462,13120,2012
197,Chilton,1021,4017,11754.5,2012
198,Coffee,1031,4683.5,13665,2012
199,Covington,1039,5858,13480,2012
200,Henry,1067,5323,13772,2012
201,Clay,1027,11814,11952,2013
202,Marengo,1091,10688,11937.5,2013
203,DeKalb,1049,12204,12540,2013
204,Cherokee,1019,11607,12126,2013
205,Hale,1065,10309,11862,2013
206,Perry,1105,10006,11760,2013
207,Colbert,1033,8256.5,13871.5,2013
208,Greene,1063,9592,12107,2013
209,Butler,1013,10426,11159,2013
210,Lee,1081,10405,11676,2013
211,Mobile,1097,5146,7710,2013
212,Fayette,1057,12324,13142,2013
213,Chambers,1017,10658,11196,2013
214,Tuscaloosa,1125,11033.5,12043,2013
215,Wilcox,1131,7498.5,11758,2013
216,Marshall,1095,12133,12610.5,2013
217,Escambia,1053,9060.5,11558.5,2013
218,Limestone,1083,11790,13355,2013
219,Blount,1009,10084,12717,2013
220,Monroe,1099,6356.5,11410,2013
221,Marion,1093,13282,13791,2013
222,Lowndes,1085,7391,11672.5,2013
223,Coosa,1037,7640.5,11532,2013
224,Pike,1109,8918,11574.5,2013
225,Sumter,1119,10456.5,12179.5,2013
226,Winston,1133,9541.5,13101,2013
227,Talladega,1121,9701,11582,2013
228,Jackson,1071,5799,11992,2013
229,Baldwin,1003,6889,11761,2013
230,Bullock,1011,8731,11665,2013
231,Autauga,1001,6974.5,11658.5,2013
232,Macon,1087,10300,11779,2013
233,St. Clair,1115,11639.5,12071.5,2013
234,Choctaw,1023,11133,12017,2013
235,Cullman,1043,6587.5,12768,2013
236,Shelby,1117,9180,11747,2013
237,Dallas,1047,9433,11779,2013
238,Pickens,1107,12314,12472,2013
239,Lauderdale,1077,11157,13844,2013
240,Cleburne,1029,11711,12318,2013
241,Barbour,1005,9403,11709,2013
242,Geneva,1061,8054,11404.5,2013
243,Dale,1045,10370,11443,2013
244,Tallapoosa,1123,9493,11473,2013
245,Clarke,1025,9050,11784,2013
246,Houston,1069,7544,11433,2013
247,Washington,1129,10876,11866,2013
248,Madison,1089,11715,12847,2013
249,Crenshaw,1041,8464,11466.5,2013
250,Calhoun,1015,11326,12060,2013
251,Lawrence,1079,10035,13410,2013
252,Morgan,1103,8384,12877,2013
253,Lamar,1075,12626,13223,2013
254,Russell,1113,10289,11629,2013
255,Franklin,1059,3713.5,12945.5,2013
256,Conecuh,1035,5478,11115,2013
257,Elmore,1051,8999,11684.5,2013
258,Jefferson,1073,5805,11922.5,2013
259,Walker,1127,4767,12543,2013
260,Randolph,1111,11439,11793,2013
261,Montgomery,1101,6451,11539,2013
262,Bibb,1007,9812,11599,2013
263,Etowah,1055,11629,12403,2013
264,Chilton,1021,7359.5,11543,2013
265,Coffee,1031,9135.5,11442.5,2013
266,Covington,1039,8617,11214,2013
267,Henry,1067,9967,11525,2013
268,Clay,1027,10295,13942,2014
269,Marengo,1091,8309,13763,2014
270,DeKalb,1049,14817,15136,2014
271,Cherokee,1019,13223,14358,2014
272,Hale,1065,7519.5,14037.5,2014
273,Perry,1105,9304,14125,2014
274,Colbert,1033,11498.5,15551,2014
275,Greene,1063,7413,13849,2014
276,Butler,1013,8276,13830,2014
277,Lee,1081,6702,13858,2014
278,Mobile,1097,6016,13404,2014
279,Fayette,1057,11645,14711,2014
280,Chambers,1017,8354,13319,2014
281,Tuscaloosa,1125,8542,14068,2014
282,Wilcox,1131,5959.5,13707.5,2014
283,Marshall,1095,13172,14741.5,2014
284,Escambia,1053,13360,13638.5,2014
285,Limestone,1083,15052,15572,2014
286,Blount,1009,5193,14096,2014
287,Monroe,1099,7551.5,13737,2014
288,Marion,1093,15470,15588,2014
289,Lowndes,1085,5289.5,13784,2014
290,Coosa,1037,9290,13938.5,2014
291,Pike,1109,7086.5,13761.5,2014
292,Sumter,1119,7945,13643.5,2014
293,Winston,1133,14292.5,15414,2014
294,Talladega,1121,5790,13639,2014
295,Jackson,1071,6839,14732,2014
296,Baldwin,1003,11102,13321,2014
297,Bullock,1011,6447,14050,2014
298,Autauga,1001,7653,13899,2014
299,Macon,1087,5445,14003,2014
300,St. Clair,1115,7203.5,13639.5,2014
301,Choctaw,1023,9445,13933,2014
302,Cullman,1043,5177.5,15081,2014
303,Shelby,1117,6548,13964,2014
304,Dallas,1047,7002,13828,2014
305,Pickens,1107,13074,13990,2014
306,Lauderdale,1077,13301,15591,2014
307,Cleburne,1029,8458,14308,2014
308,Barbour,1005,6361.5,13795.5,2014
309,Geneva,1061,7990,13751,2014
310,Dale,1045,7710,13398,2014
311,Tallapoosa,1123,8805,13901,2014
312,Clarke,1025,8541,13726,2014
313,Houston,1069,7209,12997,2014
314,Washington,1129,13912,13914,2014
315,Madison,1089,14197,15262,2014
316,Crenshaw,1041,6307,13695,2014
317,Calhoun,1015,7036,13795,2014
318,Lawrence,1079,12185,15331,2014
319,Morgan,1103,11391,15617,2014
320,Lamar,1075,14000.5,14106.5,2014
321,Russell,1113,5694,13604,2014
322,Franklin,1059,6157,14993,2014
323,Conecuh,1035,5647.5,13258,2014
324,Elmore,1051,8983.5,13804,2014
325,Jefferson,1073,1470.5,13819.5,2014
326,Walker,1127,4511,14117,2014
327,Randolph,1111,7398,13548,2014
328,Montgomery,1101,7613.5,13834,2014
329,Bibb,1007,7021,14258,2014
330,Etowah,1055,11998,14102,2014
331,Chilton,1021,8195.5,13960.5,2014
332,Coffee,1031,7717,13328,2014
333,Covington,1039,7324,13039.5,2014
334,Henry,1067,5785,13504,2014
335,Clay,1027,9910,13241,2015
336,Marengo,1091,10982.5,13603.5,2015
337,DeKalb,1049,8565,13180,2015
338,Cherokee,1019,5695,13297,2015
339,Hale,1065,8180,13270,2015
340,Perry,1105,8579,13114,2015
341,Colbert,1033,9484.5,13059.5,2015
342,Greene,1063,7874,13297,2015
343,Butler,1013,12268,13586,2015
344,Lee,1081,11606,13217,2015
345,Mobile,1097,9692,11465,2015
346,Fayette,1057,7851,13508,2015
347,Chambers,1017,11058,12704,2015
348,Tuscaloosa,1125,6348.5,12952,2015
349,Wilcox,1131,8031.5,13537,2015
350,Marshall,1095,7441,13185,2015
351,Escambia,1053,11209,12639,2015
352,Limestone,1083,10834,13255,2015
353,Blount,1009,3539,12985,2015
354,Monroe,1099,8533,13535.5,2015
355,Marion,1093,12097,13415,2015
356,Lowndes,1085,7997,13466,2015
357,Coosa,1037,9509.5,12908,2015
358,Pike,1109,6654.5,13116,2015
359,Sumter,1119,8494.5,13378,2015
360,Winston,1133,7254,13111,2015
361,Talladega,1121,5592,12684,2015
362,Jackson,1071,3846,12149,2015
363,Baldwin,1003,9787,11650,2015
364,Bullock,1011,8082,13031,2015
365,Autauga,1001,8554,13360,2015
366,Macon,1087,10764,13281,2015
367,St. Clair,1115,8361,12900,2015
368,Choctaw,1023,10154,13537,2015
369,Cullman,1043,3729,13029.5,2015
370,Shelby,1117,7292.5,12763.5,2015
371,Dallas,1047,9542,13447,2015
372,Pickens,1107,7068,12916,2015
373,Lauderdale,1077,10275,13013,2015
374,Cleburne,1029,7499,13730,2015
375,Barbour,1005,9087,12869,2015
376,Geneva,1061,10359,12759.5,2015
377,Dale,1045,9327,12918,2015
378,Tallapoosa,1123,11236,13054,2015
379,Clarke,1025,10988,13527,2015
380,Houston,1069,9210,12985,2015
381,Washington,1129,13436,13454,2015
382,Madison,1089,10861,13151,2015
383,Crenshaw,1041,7788,13415,2015
384,Calhoun,1015,6141,13203,2015
385,Lawrence,1079,5762,12889,2015
386,Morgan,1103,7614,12932,2015
387,Lamar,1075,10234,13027,2015
388,Russell,1113,8291,12904,2015
389,Franklin,1059,2306.5,12780.5,2015
390,Conecuh,1035,5847.5,12490,2015
391,Elmore,1051,10309,13339.5,2015
392,Jefferson,1073,3746.5,12724.5,2015
393,Walker,1127,3021,12907,2015
394,Randolph,1111,10358,13138,2015
395,Montgomery,1101,8620,13289.5,2015
396,Bibb,1007,7670,13086,2015
397,Etowah,1055,6325,13032,2015
398,Chilton,1021,8601.5,12899,2015
399,Coffee,1031,7281.5,12993.5,2015
400,Covington,1039,7841.5,12223,2015
401,Henry,1067,8752,12997,2015
402,Clay,1027,5617,12752,2016
403,Marengo,1091,4023,13198,2016
404,DeKalb,1049,5592,13617,2016
405,Cherokee,1019,5001,13204,2016
406,Hale,1065,4708,12601,2016
407,Perry,1105,5347,13032,2016
408,Colbert,1033,4302,13541,2016
409,Greene,1063,4022,12873,2016
410,Butler,1013,8279,13400,2016
411,Lee,1081,4044,13008,2016
412,Mobile,1097,6143,12365,2016
413,Fayette,1057,6914,13239,2016
414,Chambers,1017,3219,12602,2016
415,Tuscaloosa,1125,8126.5,12708,2016
416,Wilcox,1131,5402.5,13113,2016
417,Marshall,1095,5208,13717,2016
418,Escambia,1053,10115,13359,2016
419,Limestone,1083,4741,13759,2016
420,Blount,1009,4889,13028,2016
421,Monroe,1099,5854,13127,2016
422,Marion,1093,7111,13743,2016
423,Lowndes,1085,4691,13051.5,2016
424,Coosa,1037,3457.5,12483,2016
425,Pike,1109,7021,13326,2016
426,Sumter,1119,3251.5,12759.5,2016
427,Winston,1133,7591,13819,2016
428,Talladega,1121,3061,12539,2016
429,Jackson,1071,2126,12853,2016
430,Baldwin,1003,5663,12898,2016
431,Bullock,1011,4807,13218,2016
432,Autauga,1001,6050.5,13285,2016
433,Macon,1087,3049,13130,2016
434,St. Clair,1115,5361.5,12790.5,2016
435,Choctaw,1023,5199,12851,2016
436,Cullman,1043,3740,13690.5,2016
437,Shelby,1117,4862.5,12310,2016
438,Dallas,1047,5465,13134,2016
439,Pickens,1107,7892,12912,2016
440,Lauderdale,1077,6756,13360,2016
441,Cleburne,1029,6113,13446,2016
442,Barbour,1005,4838,12907,2016
443,Geneva,1061,8689.5,13517.5,2016
444,Dale,1045,8353,13320,2016
445,Tallapoosa,1123,3594,12750,2016
446,Clarke,1025,6556,13037,2016
447,Houston,1069,7655,13673,2016
448,Washington,1129,11721,12806,2016
449,Madison,1089,4572,13640,2016
450,Crenshaw,1041,6151,13329.5,2016
451,Calhoun,1015,3965,13008,2016
452,Lawrence,1079,4924,13729,2016
453,Morgan,1103,4169,13866,2016
454,Lamar,1075,5966,13047.5,2016
455,Russell,1113,3111,13314,2016
456,Franklin,1059,4280,12909,2016
457,Conecuh,1035,4204.5,12983.5,2016
458,Elmore,1051,4872.5,13172,2016
459,Jefferson,1073,3698,12398.5,2016
460,Walker,1127,4249,12926,2016
461,Randolph,1111,5000,12792,2016
462,Montgomery,1101,4652,13032.5,2016
463,Bibb,1007,5450,12380,2016
464,Etowah,1055,5036,13464,2016
465,Chilton,1021,4955.5,12259.5,2016
466,Coffee,1031,6701,13377.5,2016
467,Covington,1039,8134,13081.5,2016
468,Henry,1067,5213,13238,2016
469,Clay,1027,12430,13021,2017
470,Marengo,1091,11767.5,12219.5,2017
471,DeKalb,1049,13208,13469,2017
472,Cherokee,1019,12510,12619,2017
473,Hale,1065,12045,12606,2017
474,Perry,1105,12324,12517,2017
475,Colbert,1033,9823,13230.5,2017
476,Greene,1063,12192,12772,2017
477,Butler,1013,11487,11569,2017
478,Lee,1081,12282,12289,2017
479,Mobile,1097,6528,10334,2017
480,Fayette,1057,12846,12930,2017
481,Chambers,1017,12398,12632,2017
482,Tuscaloosa,1125,12748.5,13022.5,2017
483,Wilcox,1131,11064.5,11944,2017
484,Marshall,1095,12712.5,12943.5,2017
485,Escambia,1053,11043.5,11043,2017
486,Limestone,1083,13426,13624,2017
487,Blount,1009,12094,12555,2017
488,Monroe,1099,11284,11821.5,2017
489,Marion,1093,13081,13130,2017
490,Lowndes,1085,11155.5,11653,2017
491,Coosa,1037,12307,12603,2017
492,Pike,1109,11325.5,11595.5,2017
493,Sumter,1119,11731.5,12323,2017
494,Winston,1133,13064.5,13231.5,2017
495,Talladega,1121,12305,12941,2017
496,Jackson,1071,7668,13145,2017
497,Baldwin,1003,11167,11280,2017
498,Bullock,1011,11668,11992,2017
499,Autauga,1001,12052,12283,2017
500,Macon,1087,12005,12079,2017
501,St. Clair,1115,12269,12318.5,2017
502,Choctaw,1023,11629,11949,2017
503,Cullman,1043,7947,13060,2017
504,Shelby,1117,12429,12822,2017
505,Dallas,1047,11843,12163,2017
506,Pickens,1107,12965,12968,2017
507,Lauderdale,1077,11910,13438,2017
508,Cleburne,1029,12404,12508,2017
509,Barbour,1005,11166.5,11574.5,2017
510,Geneva,1061,10477,11531,2017
511,Dale,1045,11136,11411,2017
512,Tallapoosa,1123,12472,12604,2017
513,Clarke,1025,11593,12148,2017
514,Houston,1069,10822,11609,2017
515,Washington,1129,12292,12249,2017
516,Madison,1089,13306,13331,2017
517,Crenshaw,1041,10841.5,11337,2017
518,Calhoun,1015,11979,12312,2017
519,Lawrence,1079,12439,13279,2017
520,Morgan,1103,12226,13168,2017
521,Lamar,1075,13253.5,13268,2017
522,Russell,1113,11869,11891,2017
523,Franklin,1059,6976.5,12952.5,2017
524,Conecuh,1035,9840.5,11027.5,2017
525,Elmore,1051,11705,12013,2017
526,Jefferson,1073,10056,13144.5,2017
527,Walker,1127,6551,12841,2017
528,Randolph,1111,12379,12533,2017
529,Montgomery,1101,10971.5,11510.5,2017
530,Bibb,1007,12280,12621,2017
531,Etowah,1055,12426,12448,2017
532,Chilton,1021,12526.5,12604,2017
533,Coffee,1031,11104.5,11300,2017
534,Covington,1039,10628.5,11038,2017
535,Henry,1067,11109,11481,2017
536,Clay,1027,12619,12882,2018
537,Marengo,1091,10839,12644,2018
538,DeKalb,1049,13555,14066,2018
539,Cherokee,1019,12281,12948,2018
540,Hale,1065,10677.5,12369.5,2018
541,Perry,1105,11444,12476,2018
542,Colbert,1033,10345.5,12143,2018
543,Greene,1063,10592,12448,2018
544,Butler,1013,11677,12518,2018
545,Lee,1081,12604,12930,2018
546,Mobile,1097,6167,12005,2018
547,Fayette,1057,12539,12626,2018
548,Chambers,1017,12541,12606,2018
549,Tuscaloosa,1125,11327,12555.5,2018
550,Wilcox,1131,8914.5,12632,2018
551,Marshall,1095,11832.5,12923.5,2018
552,Escambia,1053,11248.5,12119,2018
553,Limestone,1083,12657,13360,2018
554,Blount,1009,9022,12907,2018
555,Monroe,1099,9498.5,12406,2018
556,Marion,1093,12652,13004,2018
557,Lowndes,1085,8437.5,12616.5,2018
558,Coosa,1037,9697,12525.5,2018
559,Pike,1109,11402,12592,2018
560,Sumter,1119,8257.5,12480.5,2018
561,Winston,1133,12611.5,13485.5,2018
562,Talladega,1121,9490,12508,2018
563,Jackson,1071,5271,12907,2018
564,Baldwin,1003,8492,12365,2018
565,Bullock,1011,11136,12709,2018
566,Autauga,1001,12357.5,12668,2018
567,Macon,1087,11336,12799,2018
568,St. Clair,1115,11990.5,12780.5,2018
569,Choctaw,1023,7851,12525,2018
570,Cullman,1043,7911.5,13353.5,2018
571,Shelby,1117,9683,12554,2018
572,Dallas,1047,11719,12607,2018
573,Pickens,1107,11859,12132,2018
574,Lauderdale,1077,12042,12890,2018
575,Cleburne,1029,12681,13259,2018
576,Barbour,1005,12045,12619.5,2018
577,Geneva,1061,10842,12254,2018
578,Dale,1045,11659,12304,2018
579,Tallapoosa,1123,11159,12581,2018
580,Clarke,1025,10554,12404,2018
581,Houston,1069,11058,12326,2018
582,Washington,1129,11800,12079,2018
583,Madison,1089,11988,13141,2018
584,Crenshaw,1041,11243,12495,2018
585,Calhoun,1015,11235,12833,2018
586,Lawrence,1079,11109,13152,2018
587,Morgan,1103,11417,12881,2018
588,Lamar,1075,12272,12409,2018
589,Russell,1113,12241,12412,2018
590,Franklin,1059,6292,12483.5,2018
591,Conecuh,1035,8479,11914,2018
592,Elmore,1051,11369,12636.5,2018
593,Jefferson,1073,7636,12681.5,2018
594,Walker,1127,8880,12631,2018
595,Randolph,1111,12567,12836,2018
596,Montgomery,1101,9088,12625,2018
597,Bibb,1007,8936,12558,2018
598,Etowah,1055,11210,13041,2018
599,Chilton,1021,9558.5,12449.5,2018
600,Coffee,1031,11250.5,12292.5,2018
601,Covington,1039,10198,11828.5,2018
602,Henry,1067,11397,12456,2018
603,Clay,1027,10133,13165,2019
604,Marengo,1091,6489.5,13050,2019
605,DeKalb,1049,7879,13015,2019
606,Cherokee,1019,8205,12331,2019
607,Hale,1065,8413.5,13155.5,2019
608,Perry,1105,8321,13135,2019
609,Colbert,1033,7647.5,12356.5,2019
610,Greene,1063,8272,13147,2019
611,Butler,1013,5548,12190,2019
612,Lee,1081,9081,12760,2019
613,Mobile,1097,2149,6502,2019
614,Fayette,1057,8932,12798,2019
615,Chambers,1017,11164,13289,2019
616,Tuscaloosa,1125,9016.5,13088.5,2019
617,Wilcox,1131,5969,12264.5,2019
618,Marshall,1095,6410,12562.5,2019
619,Escambia,1053,5976.5,12729.5,2019
620,Limestone,1083,9055,12678,2019
621,Blount,1009,6376,12486,2019
622,Monroe,1099,4336.5,12316.5,2019
623,Marion,1093,9320,12354,2019
624,Lowndes,1085,5859,11877,2019
625,Coosa,1037,6301,13184.5,2019
626,Pike,1109,4486,11821,2019
627,Sumter,1119,6068.5,13104.5,2019
628,Winston,1133,8199,12357,2019
629,Talladega,1121,6511,12863,2019
630,Jackson,1071,4252,12148,2019
631,Baldwin,1003,3777,12820,2019
632,Bullock,1011,6974,11198,2019
633,Autauga,1001,8509,12752.5,2019
634,Macon,1087,7244,11571,2019
635,St. Clair,1115,9094,12860.5,2019
636,Choctaw,1023,5590,12731,2019
637,Cullman,1043,5320.5,12666.5,2019
638,Shelby,1117,6987,13070,2019
639,Dallas,1047,8093,12631,2019
640,Pickens,1107,9712,13043,2019
641,Lauderdale,1077,11148,12400,2019
642,Cleburne,1029,8000,12989,2019
643,Barbour,1005,4074.5,11236.5,2019
644,Geneva,1061,2309.5,12029,2019
645,Dale,1045,1906,12125,2019
646,Tallapoosa,1123,10855,13212,2019
647,Clarke,1025,5997,12710,2019
648,Houston,1069,1833,11671,2019
649,Washington,1129,12893,12863,2019
650,Madison,1089,8708,12609,2019
651,Crenshaw,1041,4086,11974,2019
652,Calhoun,1015,7617,12819,2019
653,Lawrence,1079,7356,12427,2019
654,Morgan,1103,5416,12559,2019
655,Lamar,1075,8218.5,12789.5,2019
656,Russell,1113,6636,10358,2019
657,Franklin,1059,4699,12091,2019
658,Conecuh,1035,1796,12200.5,2019
659,Elmore,1051,8653.5,12617,2019
660,Jefferson,1073,5114,12935,2019
661,Walker,1127,4449,12806,2019
662,Randolph,1111,10480,13039,2019
663,Montgomery,1101,6058,11401.5,2019
664,Bibb,1007,7929,13124,2019
665,Etowah,1055,7815,12695,2019
666,Chilton,1021,7130,13127.5,2019
667,Coffee,1031,2859,12441.5,2019
668,Covington,1039,2880.5,12131.5,2019
669,Henry,1067,1853,12109,2019
670,Clay,1027,10675,12281,2020
671,Marengo,1091,9913,12293.5,2020
672,DeKalb,1049,11896,13613,2020
673,Cherokee,1019,8931,11393,2020
674,Hale,1065,9968.5,11959,2020
675,Perry,1105,10274,12253,2020
676,Colbert,1033,11071.5,12710,2020
677,Greene,1063,10524,11826,2020
678,Butler,1013,11814,12796,2020
679,Lee,1081,11017,13006,2020
680,Mobile,1097,4398,7197,2020
681,Fayette,1057,10903,12111,2020
682,Chambers,1017,9675,13091,2020
683,Tuscaloosa,1125,11251.5,12017.5,2020
684,Wilcox,1131,8375.5,12637,2020
685,Marshall,1095,9850.5,12294.5,2020
686,Escambia,1053,11378.5,12464,2020
687,Limestone,1083,11936,13116,2020
688,Blount,1009,7562,11451,2020
689,Monroe,1099,8824,12752,2020
690,Marion,1093,11747,11940,2020
691,Lowndes,1085,9364.5,12984.5,2020
692,Coosa,1037,10449,12720,2020
693,Pike,1109,7345.5,12984.5,2020
694,Sumter,1119,9455,11865,2020
695,Winston,1133,11091,11557,2020
696,Talladega,1121,6311,11921,2020
697,Jackson,1071,4464,12767,2020
698,Baldwin,1003,8366,12537,2020
699,Bullock,1011,7923,12797,2020
700,Autauga,1001,11393.5,12363,2020
701,Macon,1087,8079,12763,2020
702,St. Clair,1115,9519.5,11456.5,2020
703,Choctaw,1023,11176,12409,2020
704,Cullman,1043,6728.5,12893,2020
705,Shelby,1117,6792,12467.5,2020
706,Dallas,1047,10980,12667,2020
707,Pickens,1107,12226,12162,2020
708,Lauderdale,1077,11992,12841,2020
709,Cleburne,1029,10104,12382,2020
710,Barbour,1005,9068,12749.5,2020
711,Geneva,1061,10230,13045,2020
712,Dale,1045,9281,12909,2020
713,Tallapoosa,1123,10150,12980,2020
714,Clarke,1025,10429,12659,2020
715,Houston,1069,7905,13144,2020
716,Washington,1129,12260,12547,2020
717,Madison,1089,11912,12882,2020
718,Crenshaw,1041,8571.5,12728.5,2020
719,Calhoun,1015,6335,11649,2020
720,Lawrence,1079,11977,12861,2020
721,Morgan,1103,10605,12783,2020
722,Lamar,1075,12369,12630,2020
723,Russell,1113,6843,12622,2020
724,Franklin,1059,6770,12265.5,2020
725,Conecuh,1035,6267,12074,2020
726,Elmore,1051,8849,12802.5,2020
727,Jefferson,1073,3246,12265,2020
728,Walker,1127,3170,11550,2020
729,Randolph,1111,11437,12394,2020
730,Montgomery,1101,10011,13038.5,2020
731,Bibb,1007,9101,11765,2020
732,Etowah,1055,9514,11734,2020
733,Chilton,1021,9320,12195.5,2020
734,Coffee,1031,8462.5,13010,2020
735,Covington,1039,10364,12561,2020
736,Henry,1067,7699,12884,2020
