County,FIPS,RF,IR,Year,IrrAmt_Mean,IrrAmt_Median,Precip_Mean,Precip_Median
Autauga,1001,5827,13023,2010,181.69,172.5,339.33,342.9
Autauga,1001,3450,13250,2011,226.2,228,336.88,334.7
Autauga,1001,5030,13920,2012,204.92,208,341.78,345.6
Autauga,1001,6974.5,11658.5,2013,131.72,130,561.18,563.9
Autauga,1001,7653,13899,2014,152.94,152.5,592.73,589
Autauga,1001,8554,13360,2015,121.44,129,472.55,459
Autauga,1001,6050.5,13285,2016,161.45,166.5,514.26,512.7
Autauga,1001,12052,12283,2017,63.72,60,440.99,439.4
Autauga,1001,12357.5,12668,2018,82.11,82,594.55,598.45
Autauga,1001,8509,12752.5,2019,144.44,148,411.71,396
Autauga,1001,11393.5,12363,2020,98.17,102,510.95,502
Baldwin,1003,6781,11551,2010,122.11,126.5,460.54,437.4
Baldwin,1003,1346,12747,2011,269.42,285,269.88,269.6
Baldwin,1003,5098,13314,2012,154.72,161,563.11,553.1
Baldwin,1003,6889,11761,2013,118.13,118,616.24,593.9
Baldwin,1003,11102,13321,2014,107.15,121.5,1024.15,1048.45
Baldwin,1003,9787,11650,2015,106.53,103.5,618.15,620.2
Baldwin,1003,5663,12898,2016,132.45,144.5,609.55,618.2
Baldwin,1003,11167,11280,2017,69.12,53.5,452.91,448.9
Baldwin,1003,8492,12365,2018,109.37,104.5,453.77,455.85
Baldwin,1003,3777,12820,2019,138.83,131.5,488.01,492.85
Baldwin,1003,8366,12537,2020,160.19,157,407.46,408.7
Barbour,1005,6648,13146.5,2010,174.71,178,343.05,340.5
Barbour,1005,1424.5,13289.5,2011,282.22,281.5,209.84,218.2
Barbour,1005,5433,13970.5,2012,190.1,187.5,359.3,365.25
Barbour,1005,9403,11709,2013,101.27,102,654.63,653.8
Barbour,1005,6361.5,13795.5,2014,171.27,179,612.66,608
Barbour,1005,9087,12869,2015,108.61,107,452.88,457.95
Barbour,1005,4838,12907,2016,189.1,188,409.95,415.15
Barbour,1005,11166.5,11574.5,2017,65.42,60.5,480.08,480.2
Barbour,1005,12045,12619.5,2018,78.7,79.5,512.13,513.45
Barbour,1005,4074.5,11236.5,2019,164.35,166.5,344.79,337.6
Barbour,1005,9068,12749.5,2020,123.21,122,430.11,425.4
Bibb,1007,6941,13198,2010,160.61,157,368.59,372.4
Bibb,1007,3960,12923,2011,232.52,230,336.01,339.3
Bibb,1007,3493,11830,2012,233.32,238,245.72,237.9
Bibb,1007,9812,11599,2013,103.72,103,545.74,546.7
Bibb,1007,7021,14258,2014,159.55,157,604.37,608.3
Bibb,1007,7670,13086,2015,150.75,153,463.47,471.5
Bibb,1007,5450,12380,2016,186.28,180,426.08,425.9
Bibb,1007,12280,12621,2017,86.25,88,488.9,487.95
Bibb,1007,8936,12558,2018,118.49,111,590.23,585.8
Bibb,1007,7929,13124,2019,167.17,173,388.61,389.7
Bibb,1007,9101,11765,2020,118.67,118,562.37,561
Blount,1009,4307,13557,2010,188.68,209,509.31,507.8
Blount,1009,5318,13149,2011,191.61,210,540.93,533.2
Blount,1009,4948,12849,2012,192.77,201,402.14,400.1
Blount,1009,10084,12717,2013,119.2,125,830.16,826.1
Blount,1009,5193,14096,2014,188.52,186,535.4,541.5
Blount,1009,3539,12985,2015,197.77,219,489.62,489.6
Blount,1009,4889,13028,2016,196.76,207,424.95,443.9
Blount,1009,12094,12555,2017,90.07,89,498.93,488.2
Blount,1009,9022,12907,2018,135.52,147,562.07,552.9
Blount,1009,6376,12486,2019,164.93,165,469.35,455.5
Blount,1009,7562,11451,2020,133.56,129,629.6,635.1
Bullock,1011,5754,13305,2010,171.25,171,367.97,363.6
Bullock,1011,1908,13487,2011,273.87,269,249.04,246.2
Bullock,1011,5133,12661,2012,189.19,193,428.95,436.5
Bullock,1011,8731,11665,2013,114.91,113,575.54,573.8
Bullock,1011,6447,14050,2014,152.23,154,667.11,672.3
Bullock,1011,8082,13031,2015,124.84,126,456.13,450.2
Bullock,1011,4807,13218,2016,187.91,189,433.19,428.5
Bullock,1011,11668,11992,2017,77.46,68,514.3,509.05
Bullock,1011,11136,12709,2018,102.28,104,460.75,457.9
Bullock,1011,6974,11198,2019,151.88,148,436.52,433.7
Bullock,1011,7923,12797,2020,131.54,126,454.67,454.4
Butler,1013,7663,13233,2010,160.35,165,407.14,410.2
Butler,1013,1998,13453,2011,227.89,229,325.67,323.7
Butler,1013,9966,13694,2012,154.78,160,436.94,441.6
Butler,1013,10426,11159,2013,93.59,85,605.87,612.1
Butler,1013,8276,13830,2014,135.79,143,788.36,794.1
Butler,1013,12268,13586,2015,89.45,82,546.32,538
Butler,1013,8279,13400,2016,149.15,150,508.82,499.6
Butler,1013,11487,11569,2017,58.96,60,540.77,528.1
Butler,1013,11677,12518,2018,81.06,81,585.81,575.6
Butler,1013,5548,12190,2019,152.79,150,445.07,430.3
Butler,1013,11814,12796,2020,105.55,102,501.87,509
Calhoun,1015,4365,13658,2010,196.03,197,429,433.7
Calhoun,1015,6118,12734,2011,196.73,183,467.21,464.2
Calhoun,1015,4859,13267,2012,201.32,189,351.2,348.2
Calhoun,1015,11326,12060,2013,127.1,117,839.36,833.4
Calhoun,1015,7036,13795,2014,165.63,177,569.28,571.1
Calhoun,1015,6141,13203,2015,191.99,182,545.84,556.6
Calhoun,1015,3965,13008,2016,217.04,211,329.03,325.5
Calhoun,1015,11979,12312,2017,96.2,94,530.71,530.4
Calhoun,1015,11235,12833,2018,113.99,101,497.29,498
Calhoun,1015,7617,12819,2019,174.44,172,434.62,438.5
Calhoun,1015,6335,11649,2020,133.54,120,592.48,596.4
Chambers,1017,5060,13639,2010,176.62,187,308.36,307.7
Chambers,1017,3665,13021,2011,223.46,232,281.26,284.2
Chambers,1017,4643,12251,2012,184.54,188,294.94,282.3
Chambers,1017,10658,11196,2013,81.94,86,631.31,627.6
Chambers,1017,8354,13319,2014,121.35,127,498.12,508
Chambers,1017,11058,12704,2015,104.89,118,482.78,478.5
Chambers,1017,3219,12602,2016,212.54,215,379.16,376.1
Chambers,1017,12398,12632,2017,60.25,61,527.85,533.9
Chambers,1017,12541,12606,2018,67.07,64,498.18,497.3
Chambers,1017,11164,13289,2019,126.8,141,529.96,521.5
Chambers,1017,9675,13091,2020,105.79,104,500.46,489.4
Cherokee,1019,6019,14039,2010,169.6,172,398.97,385.7
Cherokee,1019,8515,12976,2011,158.85,160,515.63,515.8
Cherokee,1019,3006,13020,2012,182.07,179,311.48,305.2
Cherokee,1019,11607,12126,2013,80,71,785.67,777.2
Cherokee,1019,13223,14358,2014,101.13,93,541.12,535.6
Cherokee,1019,5695,13297,2015,164.33,166,417.88,412.6
Cherokee,1019,5001,13204,2016,180.6,177,355.22,357.2
Cherokee,1019,12510,12619,2017,49.54,31,546.72,536.1
Cherokee,1019,12281,12948,2018,85.87,83,503.55,492.6
Cherokee,1019,8205,12331,2019,132.09,134,457.32,470.8
Cherokee,1019,8931,11393,2020,111.66,111,550.51,547.4
Chilton,1021,5756,13211,2010,183.56,183.5,317.66,313.6
Chilton,1021,4072.5,12901,2011,225.33,220,353.85,351.6
Chilton,1021,4017,11754.5,2012,217.6,202,330.33,331.4
Chilton,1021,7359.5,11543,2013,124.14,117.5,551.11,548.7
Chilton,1021,8195.5,13960.5,2014,145.36,145,624.01,614.65
Chilton,1021,8601.5,12899,2015,140.58,134,470.1,467.25
Chilton,1021,4955.5,12259.5,2016,186.12,191,450.61,445.55
Chilton,1021,12526.5,12604,2017,84.48,56,541.44,545.6
Chilton,1021,9558.5,12449.5,2018,119.33,126.5,641.98,641.9
Chilton,1021,7130,13127.5,2019,173.01,160,363.96,363.9
Chilton,1021,9320,12195.5,2020,131.05,114,571.35,574.4
Choctaw,1023,6683,12425,2010,149.4,152,388.29,382.9
Choctaw,1023,2950,13416,2011,238.92,235,360.33,353
Choctaw,1023,4849,13969,2012,229.65,227,355.31,350.3
Choctaw,1023,11133,12017,2013,67.74,62,702.49,704.7
Choctaw,1023,9445,13933,2014,121.36,118,728.84,726.7
Choctaw,1023,10154,13537,2015,119.14,118,562.69,551
Choctaw,1023,5199,12851,2016,185.69,188,488.36,502.3
Choctaw,1023,11629,11949,2017,70.95,65,553.3,551.9
Choctaw,1023,7851,12525,2018,108.65,107,577.25,584.2
Choctaw,1023,5590,12731,2019,176.99,178,460.71,461.5
Choctaw,1023,11176,12409,2020,94.59,91,600.07,596.5
Clarke,1025,6237,12398,2010,169.58,168,381.74,375.7
Clarke,1025,1652,13149,2011,252.45,248,326.95,319.9
Clarke,1025,5584,13924,2012,211.35,207,397.53,395.8
Clarke,1025,9050,11784,2013,121.74,122,584.55,583.5
Clarke,1025,8541,13726,2014,147.44,147,686.88,695
Clarke,1025,10988,13527,2015,114.66,107,569.08,584.7
Clarke,1025,6556,13037,2016,160.66,158,513.22,515.8
Clarke,1025,11593,12148,2017,74.24,62,580.83,564.25
Clarke,1025,10554,12404,2018,104.55,99,601.62,595.4
Clarke,1025,5997,12710,2019,168.83,168,407.34,407.6
Clarke,1025,10429,12659,2020,124.64,112,510.84,500.3
Clay,1027,5221,13453,2010,184.66,187,376.46,374.3
Clay,1027,5526,12510,2011,208.03,204,370.37,368
Clay,1027,4063,13444,2012,221.18,216,309.38,303.2
Clay,1027,11814,11952,2013,81.83,70,822.59,816.4
Clay,1027,10295,13942,2014,130.23,132,642.25,648.6
Clay,1027,9910,13241,2015,142.62,142,493.56,484.9
Clay,1027,5617,12752,2016,198,196,365.99,357.4
Clay,1027,12430,13021,2017,65.8,68,572.88,565.8
Clay,1027,12619,12882,2018,80.92,69,560.32,553
Clay,1027,10133,13165,2019,150.08,144,449.94,453
Clay,1027,10675,12281,2020,109.83,111,621.33,621.6
Cleburne,1029,7296,13867,2010,154.27,151,435.91,441
Cleburne,1029,6643,12769,2011,185.42,188,405.95,391.9
Cleburne,1029,4562,13674,2012,178.88,180,365.99,365.4
Cleburne,1029,11711,12318,2013,78.46,75,803.91,801.1
Cleburne,1029,8458,14308,2014,141.55,145,538.06,536.3
Cleburne,1029,7499,13730,2015,152.6,157,530.43,538.3
Cleburne,1029,6113,13446,2016,182.61,177,351.72,346.3
Cleburne,1029,12404,12508,2017,53.22,42,564.79,566.2
Cleburne,1029,12681,13259,2018,81.22,88,495.66,489.1
Cleburne,1029,8000,12989,2019,151.45,150,435.35,435.2
Cleburne,1029,10104,12382,2020,106.45,106,565,567.1
Coffee,1031,6557.5,12543,2010,169.56,166,377.22,374
Coffee,1031,1751,12970,2011,275.03,264,286.6,276.35
Coffee,1031,4683.5,13665,2012,195.09,172,354.75,358.75
Coffee,1031,9135.5,11442.5,2013,118.13,105,580.42,579.5
Coffee,1031,7717,13328,2014,152.49,145.5,705.61,703.55
Coffee,1031,7281.5,12993.5,2015,136.53,125.5,455.86,444.8
Coffee,1031,6701,13377.5,2016,168.99,156,478.56,472.35
Coffee,1031,11104.5,11300,2017,81.13,70.5,572.86,567
Coffee,1031,11250.5,12292.5,2018,91.71,90.5,532.9,526.75
Coffee,1031,2859,12441.5,2019,174.89,173,313.71,310.6
Coffee,1031,8462.5,13010,2020,144.47,142.5,379.57,374.35
Colbert,1033,8218,13568.5,2010,123.8,134.5,460.61,449.6
Colbert,1033,6826,13008,2011,191.48,193.5,610.27,609.45
Colbert,1033,2373.5,12818.5,2012,206.41,203,399.84,395.9
Colbert,1033,8256.5,13871.5,2013,125.84,121.5,623.02,621.3
Colbert,1033,11498.5,15551,2014,143.05,160.5,636.35,642.95
Colbert,1033,9484.5,13059.5,2015,151.16,150,562.07,551.65
Colbert,1033,4302,13541,2016,193.75,191,374.98,377.45
Colbert,1033,9823,13230.5,2017,125.19,120,582.75,583.3
Colbert,1033,10345.5,12143,2018,132.73,134.5,624.7,625.1
Colbert,1033,7647.5,12356.5,2019,134.05,136.5,586.63,583.85
Colbert,1033,11071.5,12710,2020,110.69,114,629.67,631.1
Conecuh,1035,5640.5,12496,2010,109.29,137.5,370.69,368.35
Conecuh,1035,1220,12698,2011,155.29,227.5,315.21,311.95
Conecuh,1035,3726,13521.5,2012,105.43,117,457.94,457.4
Conecuh,1035,5478,11115,2013,89.72,103,485.83,486.35
Conecuh,1035,5647.5,13258,2014,88.63,99,794.9,794.5
Conecuh,1035,5847.5,12490,2015,78,61,537.54,538.4
Conecuh,1035,4204.5,12983.5,2016,100.06,122,518.12,511.4
Conecuh,1035,9840.5,11027.5,2017,50.25,38.5,590.09,585
Conecuh,1035,8479,11914,2018,57.02,59,628.77,632.55
Conecuh,1035,1796,12200.5,2019,100.4,122.5,474.51,470.35
Conecuh,1035,6267,12074,2020,91.43,100.5,446.08,435.05
Coosa,1037,4330.5,13419,2010,212.07,210.5,326.25,326.85
Coosa,1037,4153,12811,2011,228.46,220,341.76,345.75
Coosa,1037,5104.5,11875.5,2012,203.6,200,345.14,344.05
Coosa,1037,7640.5,11532,2013,124.05,112.5,588.7,576
Coosa,1037,9290,13938.5,2014,141.85,134.5,643.78,639
Coosa,1037,9509.5,12908,2015,140.31,128,481.55,475.7
Coosa,1037,3457.5,12483,2016,216.65,210,421.33,419.5
Coosa,1037,12307,12603,2017,80.32,55,592.95,589
Coosa,1037,9697,12525.5,2018,128.11,125,511.45,503.3
Coosa,1037,6301,13184.5,2019,191.54,193,376.88,375
Coosa,1037,10449,12720,2020,111.36,95,642.42,646.1
Covington,1039,7093.5,11664.5,2010,144.82,151.5,357.37,353.35
Covington,1039,1455.5,12308.5,2011,273.11,295,259.36,263.35
Covington,1039,5858,13480,2012,150.47,160,407.11,411.7
Covington,1039,8617,11214,2013,105.12,113,525.14,528.6
Covington,1039,7324,13039.5,2014,129.73,138,673.94,668.2
Covington,1039,7841.5,12223,2015,122.25,135,429.39,426.7
Covington,1039,8134,13081.5,2016,127.24,144,520.76,516.7
Covington,1039,10628.5,11038,2017,67.48,75,592.37,589.7
Covington,1039,10198,11828.5,2018,93.28,103,577.4,564.55
Covington,1039,2880.5,12131.5,2019,149.69,167,378.34,346.1
Covington,1039,10364,12561,2020,124.47,142.5,437.83,423.05
Crenshaw,1041,5747.5,13122,2010,184.89,188,429.54,422.1
Crenshaw,1041,1801.5,13240,2011,271.53,281.5,291.56,290.4
Crenshaw,1041,4616,13725.5,2012,196.49,205.5,395.48,389.95
Crenshaw,1041,8464,11466.5,2013,125.9,129,579.66,572.8
Crenshaw,1041,6307,13695,2014,157.5,165,696.05,691.8
Crenshaw,1041,7788,13415,2015,132.51,147.5,489.35,487.75
Crenshaw,1041,6151,13329.5,2016,154.71,163,488.13,487.9
Crenshaw,1041,10841.5,11337,2017,70.01,73,597.92,597.6
Crenshaw,1041,11243,12495,2018,89.17,92.5,587.43,589.9
Crenshaw,1041,4086,11974,2019,176.93,182.5,455.67,466.5
Crenshaw,1041,8571.5,12728.5,2020,146.17,150,396.86,388.6
Cullman,1043,4307,13416,2010,194.37,208.5,564.39,548.9
Cullman,1043,5091.5,13183.5,2011,198.06,222,619.07,619.75
Cullman,1043,916.5,12760,2012,220.76,241.5,371.07,371.9
Cullman,1043,6587.5,12768,2013,144.37,170,738.46,740.2
Cullman,1043,5177.5,15081,2014,193.1,218.5,563.29,559.25
Cullman,1043,3729,13029.5,2015,200.38,220.5,551.32,551.2
Cullman,1043,3740,13690.5,2016,217.48,235.5,434.1,433.9
Cullman,1043,7947,13060,2017,124.22,147,601.53,602.15
Cullman,1043,7911.5,13353.5,2018,166.3,185,580.99,584.9
Cullman,1043,5320.5,12666.5,2019,171.73,192.5,556.45,554.1
Cullman,1043,6728.5,12893,2020,146.95,169.5,658.36,659.2
Dale,1045,7705,12793,2010,151.08,149,351.53,354.4
Dale,1045,1571,12995,2011,268.56,269,244.93,245
Dale,1045,6321,13542,2012,165.81,163,338.77,333.6
Dale,1045,10370,11443,2013,92.14,87,637.7,642.2
Dale,1045,7710,13398,2014,138,145,684.11,690.9
Dale,1045,9327,12918,2015,106.65,102,470.11,470
Dale,1045,8353,13320,2016,139.13,139,456.43,463.3
Dale,1045,11136,11411,2017,71.02,61,610.46,614.9
Dale,1045,11659,12304,2018,79.54,80,506.29,516.6
Dale,1045,1906,12125,2019,178.32,167,279.64,286.2
Dale,1045,9281,12909,2020,118.43,114,374.2,349.4
Dallas,1047,5409,12713,2010,166.43,166,328.9,330.8
Dallas,1047,1935,13445,2011,243.72,241,300.28,289.9
Dallas,1047,4995,13698,2012,209.19,210,320.87,314.2
Dallas,1047,9433,11779,2013,106.86,107,526.52,531.2
Dallas,1047,7002,13828,2014,159.28,159,575.4,574.3
Dallas,1047,9542,13447,2015,116.05,115,496.86,504.1
Dallas,1047,5465,13134,2016,164.92,165,452.78,440.7
Dallas,1047,11843,12163,2017,65.45,58,614.01,620.2
Dallas,1047,11719,12607,2018,94.47,85,574.35,569.6
Dallas,1047,8093,12631,2019,147.67,134,414.71,403.3
Dallas,1047,10980,12667,2020,106.54,101,507.59,503.9
DeKalb,1049,8095,14087,2010,143.48,130,435.54,433.4
DeKalb,1049,11127,13376,2011,126.52,105,554.18,577.8
DeKalb,1049,6052,13403,2012,156.77,158,365.96,356.5
DeKalb,1049,12204,12540,2013,81.2,44,753.38,753.4
DeKalb,1049,14817,15136,2014,99.82,82,567.68,571.5
DeKalb,1049,8565,13180,2015,146.98,124,440.45,440
DeKalb,1049,5592,13617,2016,171.14,160,322.58,322.2
DeKalb,1049,13208,13469,2017,61.66,22,639.08,626.65
DeKalb,1049,13555,14066,2018,77.25,79,570.98,569.6
DeKalb,1049,7879,13015,2019,142.29,124,467.56,474
DeKalb,1049,11896,13613,2020,92.66,79,623.75,628.7
Elmore,1051,6384,13302.5,2010,188.46,191.5,306.86,305.15
Elmore,1051,2306.5,13333,2011,249.18,246.5,292.96,297.5
Elmore,1051,5213.5,12367.5,2012,211.61,211,323.16,317.8
Elmore,1051,8999,11684.5,2013,115.82,122.5,544.07,543.5
Elmore,1051,8983.5,13804,2014,133.11,135,677.54,684.25
Elmore,1051,10309,13339.5,2015,115.46,112,491.53,489.75
Elmore,1051,4872.5,13172,2016,196,195,486.4,481.1
Elmore,1051,11705,12013,2017,75.68,75,640.43,632.6
Elmore,1051,11369,12636.5,2018,116.44,125,495.5,498.5
Elmore,1051,8653.5,12617,2019,156.69,147,439.92,436.05
Elmore,1051,8849,12802.5,2020,124.14,127,494.92,486.6
Escambia,1053,9203,12387.5,2010,110.11,105,388.32,385.5
Escambia,1053,2129,13026.5,2011,253.86,254,298.02,284.4
Escambia,1053,8340,13863.5,2012,141.49,132,450.01,456.1
Escambia,1053,9060.5,11558.5,2013,109.56,108.5,483.69,482.95
Escambia,1053,13360,13638.5,2014,69.49,66.5,865.15,859.95
Escambia,1053,11209,12639,2015,90.27,88,555.67,540.5
Escambia,1053,10115,13359,2016,96.35,98.5,628.19,622.7
Escambia,1053,11043.5,11043,2017,44.51,39,654,647.15
Escambia,1053,11248.5,12119,2018,74.76,77,566.49,562.8
Escambia,1053,5976.5,12729.5,2019,118.19,127,479.08,488.1
Escambia,1053,11378.5,12464,2020,103.88,99.5,472.18,472.8
Etowah,1055,6409,13716,2010,140.05,148,432.35,432.9
Etowah,1055,8440,13030,2011,142.52,144,532.14,533.9
Etowah,1055,5462,13120,2012,168.89,165,361.67,357.2
Etowah,1055,11629,12403,2013,68.57,66,796.84,784.5
Etowah,1055,11998,14102,2014,108.82,110,577.8,585.1
Etowah,1055,6325,13032,2015,152.85,149,483.23,484.7
Etowah,1055,5036,13464,2016,163.05,164,384.91,388.4
Etowah,1055,12426,12448,2017,47.48,49,660.58,653.5
Etowah,1055,11210,13041,2018,97.54,103,461.45,463.7
Etowah,1055,7815,12695,2019,120.7,128,467.74,466.1
Etowah,1055,9514,11734,2020,104.03,108,570.4,565.8
Fayette,1057,9981,13370,2010,114.97,102,551.6,553.4
Fayette,1057,7614,13087,2011,164.04,148,546.85,551
Fayette,1057,7351,13450,2012,165.7,151,425.63,426.3
Fayette,1057,12324,13142,2013,97.73,64,778.85,785.8
Fayette,1057,11645,14711,2014,116.46,84,565.45,558.5
Fayette,1057,7851,13508,2015,161.65,145,505.33,504.2
Fayette,1057,6914,13239,2016,157.35,140,422.66,423.5
Fayette,1057,12846,12930,2017,49.68,20,671.28,658.95
Fayette,1057,12539,12626,2018,67.11,43,728.87,738.7
Fayette,1057,8932,12798,2019,125.03,104,615.71,615.4
Fayette,1057,10903,12111,2020,98.51,81,656.64,645.7
Franklin,1059,4898.5,13112.5,2010,186.24,196.5,453.33,447.7
Franklin,1059,3471,12049,2011,233.95,253,657.92,665.3
Franklin,1059,1002,12275.5,2012,240.23,254.5,371.02,365.05
Franklin,1059,3713.5,12945.5,2013,183.99,209.5,645.99,649.45
Franklin,1059,6157,14993,2014,188.39,210,646.82,648.85
Franklin,1059,2306.5,12780.5,2015,210.99,237,601.47,594.5
Franklin,1059,4280,12909,2016,217.39,240,414.45,411.3
Franklin,1059,6976.5,12952.5,2017,144.38,163.5,667.36,661.7
Franklin,1059,6292,12483.5,2018,174.04,198,622.86,616.95
Franklin,1059,4699,12091,2019,175.47,198.5,612.43,612.2
Franklin,1059,6770,12265.5,2020,152.04,181,661.5,660.25
Geneva,1061,6101.5,12042,2010,177.72,184.5,316.05,318.6
Geneva,1061,1177,13009.5,2011,295.17,299,244.32,245.1
Geneva,1061,3594.5,13441,2012,178.23,183.5,339.62,342.2
Geneva,1061,8054,11404.5,2013,127.73,127,616.14,621.65
Geneva,1061,7990,13751,2014,152.62,163,726.48,724.6
Geneva,1061,10359,12759.5,2015,109.37,120,516.81,525.5
Geneva,1061,8689.5,13517.5,2016,147.33,145,546.11,540.75
Geneva,1061,10477,11531,2017,95.03,100,663.04,668.55
Geneva,1061,10842,12254,2018,98.7,95.5,520.73,512.05
Geneva,1061,2309.5,12029,2019,185.57,191,287.72,294.1
Geneva,1061,10230,13045,2020,134.1,140.5,484.6,484.05
Greene,1063,5547,12720,2010,140.09,149,362.05,359.9
Greene,1063,1990,13114,2011,243.87,253,303.57,294.8
Greene,1063,4089,13192,2012,213.16,219,331.37,331
Greene,1063,9592,12107,2013,80.15,81,607.63,599.7
Greene,1063,7413,13849,2014,137.21,143,622.91,617.8
Greene,1063,7874,13297,2015,126.67,133,477.11,478.4
Greene,1063,4022,12873,2016,197.85,204,380.14,380.7
Greene,1063,12192,12772,2017,58.29,58,682.85,668.8
Greene,1063,10592,12448,2018,86.61,94,571.38,570.3
Greene,1063,8272,13147,2019,131.79,131,503.68,501
Greene,1063,10524,11826,2020,75.68,78,580.24,581.1
Hale,1065,7493.5,12759.5,2010,154.38,150.5,399,393.65
Hale,1065,2516,13034,2011,239.45,231.5,310.5,323.4
Hale,1065,4331,12861.5,2012,232.1,229,281.75,278.05
Hale,1065,10309,11862,2013,98.01,84.5,568.27,562.3
Hale,1065,7519.5,14037.5,2014,147.44,150.5,630.18,629.05
Hale,1065,8180,13270,2015,142.59,135.5,472.95,474.05
Hale,1065,4708,12601,2016,197.49,193,433.51,433.25
Hale,1065,12045,12606,2017,80.94,70,692.48,689.35
Hale,1065,10677.5,12369.5,2018,106.53,101,564.92,564.15
Hale,1065,8413.5,13155.5,2019,164.84,153.5,463.35,450.45
Hale,1065,9968.5,11959,2020,112.04,105.5,516.84,505.5
Henry,1067,7574,12981,2010,148.58,142,356.46,354.1
Henry,1067,785,13113,2011,303.98,298,189.66,186.5
Henry,1067,5323,13772,2012,195.31,191,260.53,252.4
Henry,1067,9967,11525,2013,102.95,87,576.67,576.2
Henry,1067,5785,13504,2014,178.68,170,620.17,621.5
Henry,1067,8752,12997,2015,109.89,105,457.63,457.2
Henry,1067,5213,13238,2016,175.43,171,404.1,398.8
Henry,1067,11109,11481,2017,77.77,61,693.04,691.4
Henry,1067,11397,12456,2018,90.17,85,522.46,533.3
Henry,1067,1853,12109,2019,181.46,184,263.52,265.7
Henry,1067,7699,12884,2020,142.8,126,334.64,333.3
Houston,1069,5842,11673,2010,178.9,183,315.27,313.6
Houston,1069,1235,12924,2011,304.38,310,227.44,226.4
Houston,1069,4971,13478,2012,165.37,164,283.77,278.9
Houston,1069,7544,11433,2013,125.98,125,561.66,559.1
Houston,1069,7209,12997,2014,155.4,166,678.29,687.3
Houston,1069,9210,12985,2015,117.19,125,465.9,463.7
Houston,1069,7655,13673,2016,139.83,146,559.18,557.4
Houston,1069,10822,11609,2017,102.84,116,698.61,698.9
Houston,1069,11058,12326,2018,93.9,103,526.62,525.5
Houston,1069,1833,11671,2019,198,198,248.82,246.5
Houston,1069,7905,13144,2020,154.98,164,413.71,410.1
Jackson,1071,2597,13111,2010,196.18,213,387.1,388.6
Jackson,1071,4428,12590,2011,198.08,220,530.51,532.4
Jackson,1071,1043,12175,2012,212.31,238,394.08,397.8
Jackson,1071,5799,11992,2013,131.49,159,694.6,687.8
Jackson,1071,6839,14732,2014,164.27,189,548.55,541.3
Jackson,1071,3846,12149,2015,175.37,202,497.36,501.3
Jackson,1071,2126,12853,2016,236.2,247,283.08,285.7
Jackson,1071,7668,13145,2017,137.4,168,703.41,702.2
Jackson,1071,5271,12907,2018,144.47,177,568.78,565
Jackson,1071,4252,12148,2019,192.88,206,460.76,447
Jackson,1071,4464,12767,2020,150.66,174,623.56,620.7
Jefferson,1073,2650,13404.5,2010,212.81,228,440.88,427.55
Jefferson,1073,2568,12818,2011,242.32,249,412.66,406.75
Jefferson,1073,1264,11888,2012,242.54,251.5,338.74,329.9
Jefferson,1073,5805,11922.5,2013,161.1,174.5,701.67,693.2
Jefferson,1073,1470.5,13819.5,2014,212.09,236,572.37,574.2
Jefferson,1073,3746.5,12724.5,2015,203.35,220,514.66,541.55
Jefferson,1073,3698,12398.5,2016,230.51,239,412.59,416
Jefferson,1073,10056,13144.5,2017,132.6,149,700.61,703.2
Jefferson,1073,7636,12681.5,2018,138.26,150,590.42,596.4
Jefferson,1073,5114,12935,2019,199.11,206,431.31,430.3
Jefferson,1073,3246,12265,2020,178.37,192.5,579.67,563.75
Lamar,1075,10905,13476,2010,95.85,110.5,494.56,493.5
Lamar,1075,8155,13080,2011,137.33,139,554.95,560.55
Lamar,1075,8926.5,13598,2012,119.69,115,431.56,435.25
Lamar,1075,12626,13223,2013,69,69.5,654.94,651.1
Lamar,1075,14000.5,14106.5,2014,49.39,45.5,620.48,613.4
Lamar,1075,10234,13027,2015,125.46,134.5,492.81,493.1
Lamar,1075,5966,13047.5,2016,159.07,161.5,365.87,369.55
Lamar,1075,13253.5,13268,2017,9.56,0,702.57,705.1
Lamar,1075,12272,12409,2018,47.85,46,568.89,583.8
Lamar,1075,8218.5,12789.5,2019,115.7,119,604.44,616.6
Lamar,1075,12369,12630,2020,63.61,68,626.7,627.65
Lauderdale,1077,9373,13530,2010,109.42,120,442.45,437.7
Lauderdale,1077,9370,13102,2011,172.37,195,604.03,605.2
Lauderdale,1077,2544,12352,2012,181.91,188,387.33,386.6
Lauderdale,1077,11157,13844,2013,107.86,114,615.7,610.3
Lauderdale,1077,13301,15591,2014,130.16,166,617.23,623.7
Lauderdale,1077,10275,13013,2015,132.28,156,539.03,537.6
Lauderdale,1077,6756,13360,2016,165.42,170,369.28,369.1
Lauderdale,1077,11910,13438,2017,104.25,110,694.59,705.5
Lauderdale,1077,12042,12890,2018,115.23,136,592.29,583.6
Lauderdale,1077,11148,12400,2019,106.44,113,621.84,618.1
Lauderdale,1077,11992,12841,2020,98.27,105,621.55,622.2
Lawrence,1079,9026,13650,2010,141.16,110,460.44,456.8
Lawrence,1079,8849,12893,2011,186.58,166,620.42,619.6
Lawrence,1079,2146,12480,2012,209.24,198,428.19,428.2
Lawrence,1079,10035,13410,2013,120.32,80,741.47,748.8
Lawrence,1079,12185,15331,2014,152.14,131,576.12,576.7
Lawrence,1079,5762,12889,2015,188.35,173,477.66,472.2
Lawrence,1079,4924,13729,2016,200.22,177,375.91,373.1
Lawrence,1079,12439,13279,2017,110.11,87,710.41,707.7
Lawrence,1079,11109,13152,2018,139.65,118,640.82,641
Lawrence,1079,7356,12427,2019,144.13,130,614.64,613.8
Lawrence,1079,11977,12861,2020,123.79,106,600.96,602.8
Lee,1081,5234,13559,2010,184.68,190,276.68,277
Lee,1081,3963,13260,2011,244.21,245,261.84,260.7
Lee,1081,5216,11920,2012,184.23,179,331.31,335.4
Lee,1081,10405,11676,2013,84.79,86,574.07,583.8
Lee,1081,6702,13858,2014,162.92,160,615.88,613.9
Lee,1081,11606,13217,2015,96.55,98,517.49,522.1
Lee,1081,4044,13008,2016,210.38,214,412.25,411.8
Lee,1081,12282,12289,2017,52.34,55,719.75,713.15
Lee,1081,12604,12930,2018,72,75,572.37,577
Lee,1081,9081,12760,2019,135.38,138,508.27,502.2
Lee,1081,11017,13006,2020,102.7,103,551.66,559.4
Limestone,1083,8417,13774,2010,132.33,130,365.91,354.1
Limestone,1083,8870,13185,2011,166.42,152,568.44,566.6
Limestone,1083,2878,12668,2012,211.1,226,371,355.3
Limestone,1083,11790,13355,2013,101.68,113,714.73,715.1
Limestone,1083,15052,15572,2014,110.87,123,604.7,595.9
Limestone,1083,10834,13255,2015,124,124,515.77,514.3
Limestone,1083,4741,13759,2016,172.78,176,356.11,354.4
Limestone,1083,13426,13624,2017,77.39,71,714.3,715.1
Limestone,1083,12657,13360,2018,104.84,99,573.54,575.7
Limestone,1083,9055,12678,2019,108.14,117,581.14,580.7
Limestone,1083,11936,13116,2020,105.52,101,545.5,547
Lowndes,1085,4901,12909.5,2010,199.56,209,330.63,326.7
Lowndes,1085,1479,13361.5,2011,258.06,267,314.83,316.6
Lowndes,1085,4678.5,13843.5,2012,209.19,224.5,421.71,417.75
Lowndes,1085,7391,11672.5,2013,145.26,151.5,529.39,533.6
Lowndes,1085,5289.5,13784,2014,187.93,186.5,609.85,596.7
Lowndes,1085,7997,13466,2015,134.58,135.5,487.5,488.85
Lowndes,1085,4691,13051.5,2016,195.09,199,422.42,409.2
Lowndes,1085,11155.5,11653,2017,86.41,80,714.23,715.7
Lowndes,1085,8437.5,12616.5,2018,143.95,148.5,469.29,474.05
Lowndes,1085,5859,11877,2019,184.79,193,429.98,434.3
Lowndes,1085,9364.5,12984.5,2020,151.56,155.5,466.21,458.1
Macon,1087,4680,13326,2010,191.85,195,284.81,286.1
Macon,1087,1457,13428,2011,272.92,276,254.78,248.7
Macon,1087,4480,12179,2012,203.31,202,354.83,364.9
Macon,1087,10300,11779,2013,95.77,84,580.27,578.2
Macon,1087,5445,14003,2014,161.08,170,656.89,651.3
Macon,1087,10764,13281,2015,104.56,106,476.75,473.4
Macon,1087,3049,13130,2016,208.11,211,401.95,399.8
Macon,1087,12005,12079,2017,62.36,42,710.41,719.7
Macon,1087,11336,12799,2018,93.21,89,474.87,458.1
Macon,1087,7244,11571,2019,135.45,133,462.61,466.9
Macon,1087,8079,12763,2020,120.21,112,473.94,475.4
Madison,1089,7425,13652,2010,146.05,142,365.53,373.1
Madison,1089,9533,12964,2011,152.01,151,570.47,561.6
Madison,1089,3728,12521,2012,202.27,187,330.19,332.3
Madison,1089,11715,12847,2013,96.42,97,715.74,724.5
Madison,1089,14197,15262,2014,127.01,125,576.67,582
Madison,1089,10861,13151,2015,134.55,126,512.39,518.5
Madison,1089,4572,13640,2016,199.87,191,314.22,313.1
Madison,1089,13306,13331,2017,92.86,80,721.37,720.7
Madison,1089,11988,13141,2018,117.65,114,544.85,545.2
Madison,1089,8708,12609,2019,128.04,125,527.64,530.1
Madison,1089,11912,12882,2020,94.55,78,581.2,588.7
Marengo,1091,6499.5,12580.5,2010,134.07,135,398.48,397.45
Marengo,1091,2078.5,13384.5,2011,229.08,233,349.76,358.3
Marengo,1091,5589.5,13864,2012,216.83,212,313.98,317.1
Marengo,1091,10688,11937.5,2013,78.58,77.5,617.58,631.25
Marengo,1091,8309,13763,2014,135.53,135.5,664.32,667.1
Marengo,1091,10982.5,13603.5,2015,100.58,100.5,584.91,594.2
Marengo,1091,4023,13198,2016,181.8,185,426.98,413.15
Marengo,1091,11767.5,12219.5,2017,69.47,62,730.35,724.3
Marengo,1091,10839,12644,2018,90.5,92,541.34,544.1
Marengo,1091,6489.5,13050,2019,163.51,166.5,436.82,436.5
Marengo,1091,9913,12293.5,2020,98.86,99,480.97,479.9
Marion,1093,12049,13411,2010,81.88,60,582.67,580.4
Marion,1093,9601,12988,2011,140.75,122,647.8,624
Marion,1093,9739,13347,2012,131.16,118,492.06,492.1
Marion,1093,13282,13791,2013,94.81,74,685.72,679.5
Marion,1093,15470,15588,2014,88.82,60,634.27,639.8
Marion,1093,12097,13415,2015,134.7,120,587.13,556.5
Marion,1093,7111,13743,2016,166.1,162,377.69,378.5
Marion,1093,13081,13130,2017,43.48,26,714.79,726.8
Marion,1093,12652,13004,2018,63.99,49,705.94,690.6
Marion,1093,9320,12354,2019,117.57,99,627.09,631.9
Marion,1093,11747,11940,2020,78.29,69,651.27,643.2
Marshall,1095,6313,13694.5,2010,167.72,157,457.99,462.6
Marshall,1095,8459,13175,2011,158.68,125,606.73,604.35
Marshall,1095,5391.5,12951.5,2012,200.78,179,387.4,389.6
Marshall,1095,12133,12610.5,2013,92.75,49,761.47,760.4
Marshall,1095,13172,14741.5,2014,138.13,114,527.76,526.3
Marshall,1095,7441,13185,2015,162.9,136,447.21,446.5
Marshall,1095,5208,13717,2016,207.87,192,321.6,319.45
Marshall,1095,12712.5,12943.5,2017,88.91,48.5,728.92,736.9
Marshall,1095,11832.5,12923.5,2018,132.09,111.5,502.47,501.4
Marshall,1095,6410,12562.5,2019,161.19,150,478.19,481.25
Marshall,1095,9850.5,12294.5,2020,118.49,102.5,559.42,559.55
Mobile,1097,7582,7056,2010,97.59,97,458.56,463.8
Mobile,1097,1833,12260,2011,229.44,214,256.25,255.55
Mobile,1097,3793,7081,2012,138.05,155,677.49,666
Mobile,1097,5146,7710,2013,95.94,97,581.32,571.75
Mobile,1097,6016,13404,2014,112.04,136,971.87,955.4
Mobile,1097,9692,11465,2015,80.88,97,717.21,717.75
Mobile,1097,6143,12365,2016,117.91,129,624.15,628.85
Mobile,1097,6528,10334,2017,70.49,78,728.7,737.95
Mobile,1097,6167,12005,2018,83.62,78,501.17,492.9
Mobile,1097,2149,6502,2019,115.39,117,469.9,474
Mobile,1097,4398,7197,2020,118.35,117,462.15,459.75
Monroe,1099,6040.5,12755.5,2010,174.88,178,398.72,398.3
Monroe,1099,1271.5,13014,2011,260.97,261.5,305.56,305.3
Monroe,1099,7807,13875.5,2012,187.8,200.5,489.25,494.7
Monroe,1099,6356.5,11410,2013,138.29,152,528.09,517.1
Monroe,1099,7551.5,13737,2014,136.66,148,762.7,761.05
Monroe,1099,8533,13535.5,2015,115.04,124.5,586.48,578.95
Monroe,1099,5854,13127,2016,172.96,178,506.44,507.95
Monroe,1099,11284,11821.5,2017,62.91,63.5,736.97,738.9
Monroe,1099,9498.5,12406,2018,105.11,121,553.9,558.45
Monroe,1099,4336.5,12316.5,2019,166.11,166,398.7,401
Monroe,1099,8824,12752,2020,127.46,136,452.31,451.85
Montgomery,1101,5154.5,12927,2010,192.75,194,300.69,293.45
Montgomery,1101,1579.5,13624.5,2011,265.68,270,281.45,279.7
Montgomery,1101,5465,14106,2012,201.59,209,400.87,386.6
Montgomery,1101,6451,11539,2013,147.58,153,500.93,504.55
Montgomery,1101,7613.5,13834,2014,141.08,142.5,681.83,676.3
Montgomery,1101,8620,13289.5,2015,115.33,120.5,480.43,484.3
Montgomery,1101,4652,13032.5,2016,171.44,172,436.4,430.55
Montgomery,1101,10971.5,11510.5,2017,69.85,68,740.45,741
Montgomery,1101,9088,12625,2018,128.68,136.5,440.01,430.6
Montgomery,1101,6058,11401.5,2019,162.08,167,439.01,435.8
Montgomery,1101,10011,13038.5,2020,123.05,119,446.97,442.65
Morgan,1103,5895,13619,2010,161.21,145,414.47,412.8
Morgan,1103,8284,13259,2011,177.17,168,579.72,581.9
Morgan,1103,2037,12665,2012,226,226,376.59,374.9
Morgan,1103,8384,12877,2013,114.89,109,699.21,699
Morgan,1103,11391,15617,2014,147.47,130,533.74,531.3
Morgan,1103,7614,12932,2015,151.72,149,566.2,571.5
Morgan,1103,4169,13866,2016,199.67,189,385.43,380.6
Morgan,1103,12226,13168,2017,94.84,92,762.25,755.3
Morgan,1103,11417,12881,2018,144.67,132,609.2,597.5
Morgan,1103,5416,12559,2019,155.57,150,611.39,605.8
Morgan,1103,10605,12783,2020,111.21,98,633.23,643.3
Perry,1105,6464,13174,2010,161.53,156,343.14,337.3
Perry,1105,2485,13238,2011,224.42,225,349.65,342.7
Perry,1105,3732,12891,2012,226.98,230,282.69,278.9
Perry,1105,10006,11760,2013,96.32,98,549.38,558.7
Perry,1105,9304,14125,2014,133.74,129,664.14,653.2
Perry,1105,8579,13114,2015,138.15,141,427.76,421.6
Perry,1105,5347,13032,2016,174.47,179,463.34,461.1
Perry,1105,12324,12517,2017,58.86,51,774.39,758.75
Perry,1105,11444,12476,2018,88.68,82,600.75,598.2
Perry,1105,8321,13135,2019,152.08,152,451.77,447
Perry,1105,10274,12253,2020,99.34,100,556.53,542.8
Pickens,1107,9347,13253,2010,104.73,99,450.12,444
Pickens,1107,4775,13071,2011,178.4,174,396.15,375.8
Pickens,1107,8096,12480,2012,151.47,147,336.43,328.2
Pickens,1107,12314,12472,2013,61.72,51,690.05,692.4
Pickens,1107,13074,13990,2014,89.39,96,652.81,654.3
Pickens,1107,7068,12916,2015,143.71,147,390.92,396.1
Pickens,1107,7892,12912,2016,141.37,146,387.13,385.6
Pickens,1107,12965,12968,2017,15.17,0,764.99,761.6
Pickens,1107,11859,12132,2018,74.76,72,503.36,501.4
Pickens,1107,9712,13043,2019,104.11,101,578.99,578.1
Pickens,1107,12226,12162,2020,66.73,71,675.33,675.6
Pike,1109,7799.5,12996,2010,158.76,157.5,414.74,407
Pike,1109,1450.5,13246.5,2011,288.46,291.5,218.26,223.8
Pike,1109,4637,13909.5,2012,205.83,208,355.65,339
Pike,1109,8918,11574.5,2013,118.13,126,584.49,568.3
Pike,1109,7086.5,13761.5,2014,156.6,152.5,652.63,655.7
Pike,1109,6654.5,13116,2015,153.29,152.5,406.87,408.55
Pike,1109,7021,13326,2016,159.17,158,451.76,450.7
Pike,1109,11325.5,11595.5,2017,66.35,59,752.91,761.6
Pike,1109,11402,12592,2018,94.96,98.5,476.69,463.8
Pike,1109,4486,11821,2019,162.69,162,407.98,428.7
Pike,1109,7345.5,12984.5,2020,151.18,150,373.36,363.6
Randolph,1111,5625,13409,2010,178.09,173,384.84,388.8
Randolph,1111,5972,12383,2011,203.67,199,326.4,323.7
Randolph,1111,4198,13941,2012,203.54,203,306.78,312
Randolph,1111,11439,11793,2013,85.69,88,770.77,770.3
Randolph,1111,7398,13548,2014,112.69,139,436.43,516.5
Randolph,1111,10358,13138,2015,139.79,138,497.64,486.2
Randolph,1111,5000,12792,2016,193.06,189,338.08,340.7
Randolph,1111,12379,12533,2017,65.72,66,770.43,762.15
Randolph,1111,12567,12836,2018,70.93,68,557.21,548.4
Randolph,1111,10480,13039,2019,167.27,164,470.24,468.7
Randolph,1111,11437,12394,2020,112.85,112,538.78,542.6
Russell,1113,5405,13165,2010,173.56,166,342.72,341.3
Russell,1113,1513,13311,2011,265.2,269,254.06,254.1
Russell,1113,4730,12569,2012,210.44,191,330.22,325.2
Russell,1113,10289,11629,2013,96.77,83,539.46,531.5
Russell,1113,5694,13604,2014,176.41,181,583.42,580.4
Russell,1113,8291,12904,2015,123.27,125,446.4,431.9
Russell,1113,3111,13314,2016,213.37,217,340.04,336.9
Russell,1113,11869,11891,2017,84.42,59,758.23,764
Russell,1113,12241,12412,2018,75.99,60,552.67,541
Russell,1113,6636,10358,2019,150.52,145,418.95,415.4
Russell,1113,6843,12622,2020,133.51,123,493.43,494.8
Shelby,1117,6920,13350,2010,173.52,170.5,386.35,388.3
Shelby,1117,3494.5,12874,2011,221.62,225.5,360,360.25
Shelby,1117,3671.5,11877,2012,221.29,226.5,282.41,271.9
Shelby,1117,9180,11747,2013,116.65,117,551.86,546.1
Shelby,1117,6548,13964,2014,166.57,173.5,570.52,572
Shelby,1117,7292.5,12763.5,2015,153.65,159.5,488.39,483.65
Shelby,1117,4862.5,12310,2016,205.66,206.5,367.84,367.9
Shelby,1117,12429,12822,2017,96.85,92.5,758.27,767.6
Shelby,1117,9683,12554,2018,119.62,117,557.75,554.85
Shelby,1117,6987,13070,2019,173.89,177.5,416.05,414.05
Shelby,1117,6792,12467.5,2020,150.88,141,518.24,518.75
St. Clair,1115,5748,13461.5,2010,164.26,163,430.06,417.75
St. Clair,1115,5121,12774,2011,184.64,181.5,465.9,465.7
St. Clair,1115,6240.5,13184,2012,172.01,169.5,378.81,373.2
St. Clair,1115,11639.5,12071.5,2013,79.89,74,831.61,837.55
St. Clair,1115,7203.5,13639.5,2014,157.61,156,539.28,536.65
St. Clair,1115,8361,12900,2015,160.81,160,547.05,547.15
St. Clair,1115,5361.5,12790.5,2016,185.64,188,362.02,358.55
St. Clair,1115,12269,12318.5,2017,65.93,62.5,775.46,769.4
St. Clair,1115,11990.5,12780.5,2018,88.28,90,525.93,522.7
St. Clair,1115,9094,12860.5,2019,144.77,145,468.88,472.4
St. Clair,1115,9519.5,11456.5,2020,110.95,107.5,620.22,626.35
Sumter,1119,6527,12637,2010,157.57,142.5,422.85,422.75
Sumter,1119,2202.5,13360,2011,236.41,228.5,352.36,353.75
Sumter,1119,3816.5,13308,2012,238.51,235,340.12,344.8
Sumter,1119,10456.5,12179.5,2013,142.5,81,648.38,648.05
Sumter,1119,7945,13643.5,2014,146.92,144.5,714.12,718.5
Sumter,1119,8494.5,13378,2015,133.32,122,514.24,500.15
Sumter,1119,3251.5,12759.5,2016,209.61,206,391.59,393.1
Sumter,1119,11731.5,12323,2017,88.32,61,804.89,786.2
Sumter,1119,8257.5,12480.5,2018,116.2,118,541.91,552.75
Sumter,1119,6068.5,13104.5,2019,171.08,159.5,530.28,529
Sumter,1119,9455,11865,2020,107.25,98,606.78,602.45
Talladega,1121,3682,13399,2010,198,210,389.48,385.2
Talladega,1121,3957,12664,2011,227.09,228,390.04,386.3
Talladega,1121,3401,12034,2012,224.31,223,310.91,307.6
Talladega,1121,9701,11582,2013,210,120,793.25,816.9
Talladega,1121,5790,13639,2014,162.53,170,591.76,581.2
Talladega,1121,5592,12684,2015,183.04,185,494.66,492.7
Talladega,1121,3061,12539,2016,226.19,228,360.27,347.2
Talladega,1121,12305,12941,2017,93.83,99,770.77,786.95
Talladega,1121,9490,12508,2018,117.78,120,495.67,501.9
Talladega,1121,6511,12863,2019,186.04,191,393.49,388.9
Talladega,1121,6311,11921,2020,135.98,142,596.12,601.6
Tallapoosa,1123,4838,13567,2010,207.1,200,290.66,285.2
Tallapoosa,1123,3329,12872,2011,253.02,244,258.97,254.3
Tallapoosa,1123,4845,12013,2012,221.44,218,284.71,288.7
Tallapoosa,1123,9493,11473,2013,200,96,547.71,543.2
Tallapoosa,1123,8805,13901,2014,149.63,141,556.21,558.6
Tallapoosa,1123,11236,13054,2015,133.25,127,474.61,471.5
Tallapoosa,1123,3594,12750,2016,231.09,219,403.84,403.5
Tallapoosa,1123,12472,12604,2017,70.67,55,791.13,787.4
Tallapoosa,1123,11159,12581,2018,119.09,115,459.04,459.3
Tallapoosa,1123,10855,13212,2019,143.25,134,508.12,517.3
Tallapoosa,1123,10150,12980,2020,111.36,97,566.48,554.6
Tuscaloosa,1125,10771.5,13275,2010,141,108,429.13,421.3
Tuscaloosa,1125,3607,12972,2011,231.45,221,347.8,346.2
Tuscaloosa,1125,4651.5,12124.5,2012,226.01,199,287.46,281.15
Tuscaloosa,1125,11033.5,12043,2013,108,88,611.75,596
Tuscaloosa,1125,8542,14068,2014,150.85,124,600.14,601.25
Tuscaloosa,1125,6348.5,12952,2015,181.8,157.5,396.7,389.7
Tuscaloosa,1125,8126.5,12708,2016,175.2,149,451.83,454.6
Tuscaloosa,1125,12748.5,13022.5,2017,79.22,48,797.31,798.7
Tuscaloosa,1125,11327,12555.5,2018,116.83,97,576.11,568.2
Tuscaloosa,1125,9016.5,13088.5,2019,148.75,124,467.05,460.45
Tuscaloosa,1125,11251.5,12017.5,2020,126.26,96,625.06,627.65
Walker,1127,2905,13435,2010,207.68,231,551.66,553.7
Walker,1127,4701,12902,2011,224.11,249,542.86,562
Walker,1127,754,13185,2012,249.54,284,443.45,426.8
Walker,1127,4767,12543,2013,231,222,762.96,787.2
Walker,1127,4511,14117,2014,206.77,240,592.18,585.1
Walker,1127,3021,12907,2015,229.05,260,519.1,521
Walker,1127,4249,12926,2016,226.54,245,471.01,458
Walker,1127,6551,12841,2017,149.36,184,870.79,863.3
Walker,1127,8880,12631,2018,142.06,159,743.66,741.9
Walker,1127,4449,12806,2019,191.47,219,547.6,537.7
Walker,1127,3170,11550,2020,177.31,214,624.91,627.9
Washington,1129,10828,12295,2010,77.03,65,395.82,394.2
Washington,1129,2070,13128,2011,208.27,206,345,333.7
Washington,1129,11555,13930,2012,91.92,86,452.18,439.8
Washington,1129,10876,11866,2013,65,45,501.63,485.2
Washington,1129,13912,13914,2014,9.29,0,736.52,735
Washington,1129,13436,13454,2015,18.73,20,543.09,546.4
Washington,1129,11721,12806,2016,46.44,43,521.54,520.5
Washington,1129,12292,12249,2017,13.31,0,946.59,958.4
Washington,1129,11800,12079,2018,46.14,42,586.8,580.6
Washington,1129,12893,12863,2019,30.38,21,482.7,479.6
Washington,1129,12260,12547,2020,43.78,44,511.45,485.8
Wilcox,1131,4399,12695.5,2010,173.15,179.5,337.26,336.05
Wilcox,1131,1566,13279,2011,251.74,259.5,277.11,270.5
Wilcox,1131,5019.5,13507,2012,200.56,208.5,375.21,358.65
Wilcox,1131,7498.5,11758,2013,179.5,122.5,575.3,575.2
Wilcox,1131,5959.5,13707.5,2014,150.71,155.5,687.19,693
Wilcox,1131,8031.5,13537,2015,109.52,117,588.34,590.95
Wilcox,1131,5402.5,13113,2016,166.21,170,487.51,481.7
Wilcox,1131,11064.5,11944,2017,72.04,64.5,968.3,974.95
Wilcox,1131,8914.5,12632,2018,107.57,112,549.91,543.4
Wilcox,1131,5969,12264.5,2019,154.69,155,398.93,398.9
Wilcox,1131,8375.5,12637,2020,123.7,115.5,484.28,496.35
Winston,1133,8375,13756,2010,109.23,115.5,547.47,557.95
Winston,1133,8023.5,13076,2011,184.11,180,561.57,565.15
Winston,1133,4553,12688,2012,168.8,164,444.87,427.8
Winston,1133,9541.5,13101,2013,115.5,108.5,782.51,783.1
Winston,1133,14292.5,15414,2014,103.45,98,648.27,653.8
Winston,1133,7254,13111,2015,159.76,158,544.04,550.5
Winston,1133,7591,13819,2016,164.03,160.5,419.21,416.75
Winston,1133,13064.5,13231.5,2017,80.38,79,983.85,981.5
Winston,1133,12611.5,13485.5,2018,115.77,114,681.3,664.4
Winston,1133,8199,12357,2019,126.15,132,596.87,597.1
Winston,1133,11091,11557,2020,97.89,98.5,645.47,653.4